avg_monthly_bill_bin,churn
10,0.256
25,0.16056910569105692
50,0.3078817733990148
75,0.2944915254237288
100,0.28502415458937197
125,0.1111111111111111
