cluster_bin,churn
0,0.05263157894736842
1,0.09523809523809523
2,0.4163568773234201
3,0.06363636363636363
4,0.3884297520661157
5,0.09615384615384616
6,0.47307692307692306
7,0.5182481751824818
8,0.060126582278481014
