contract_duration,churn
long-term,0.05411764705882353
short-term,0.4143646408839779
