gender,churn
Female,0.2629441624365482
Male,0.24921135646687698
