internet_monthly_charges_bin,churn
0,0.07589285714285714
10,0.375
20,0.2815533980582524
30,0.2536231884057971
40,0.13291139240506328
50,0.3076923076923077
60,0.358695652173913
70,0.35856573705179284
80,0.4279475982532751
90,0.16494845360824742
100,0.0
