internet_services,churn
0,0.06575963718820861
1,0.31237458193979933
