internet_min_bin,churn
0,0.09761388286334056
2000,0.39436619718309857
4000,0.3488372093023256
6000,0.48695652173913045
8000,0.3522727272727273
10000,0.05439330543933055
12000,0.0
