number_customer_service_calls_bin,churn
0,0.2224622030237581
1,0.19604612850082373
2,0.2570806100217865
3,0.3116279069767442
4,0.4690265486725664
5,0.40816326530612246
6,0.5
7,0.5
8,0.6666666666666666
