payment_method,churn
automatic transfer,0.18244013683010263
email,0.43089430894308944
mail,0.15990990990990991
