phone_monthly_charges_bin,churn
0,0.2361111111111111
15,0.11428571428571428
20,0.3078045222465354
25,0.06188925081433225
30,0.0
