phone_min_bin,churn
0,0.2361111111111111
95,0.1111111111111111
115,0.3653671804170444
135,0.05183585313174946
155,0.12087912087912088
