phone_services,churn
0,0.2361111111111111
1,0.25872093023255816
