tenure_bin,churn
0,0.5459317585301837
10,0.34275618374558303
20,0.2918454935622318
30,0.1971153846153846
40,0.18823529411764706
50,0.11494252873563218
60,0.07339449541284404
70,0.05204460966542751
