treatment,churn
discount,0.8022598870056498
free_device,0.7777777777777778
upgrade_package,0.7716535433070866
